rank,shape,threads,run1,run2,run3,median_time,traffic_bytes,bandwidth_gbs,speedup
1,4294967296,1,15.496271,15.489143,15.495696,15.495696,8589934592,0.5543,1.000
1,4294967296,2,7.750081,7.747617,7.750003,7.750003,8589934592,1.1084,1.999
1,4294967296,3,5.170560,5.166996,5.169936,5.169936,8589934592,1.6615,2.997
1,4294967296,4,3.880165,3.879707,3.881034,3.880165,8589934592,2.2138,3.994
1,4294967296,5,3.170386,3.169415,3.168811,3.169415,8589934592,2.7103,4.889
1,4294967296,6,2.640257,2.642239,2.641569,2.641569,8589934592,3.2518,5.866
1,4294967296,7,2.272152,2.265199,2.265054,2.265199,8589934592,3.7921,6.841
1,4294967296,8,1.983587,1.984141,1.983792,1.983792,8589934592,4.3301,7.811
2,65536x65536,1,170.593101,170.838738,170.826889,170.826889,8589934592,0.0503,1.000
2,65536x65536,2,87.332818,87.477830,87.374416,87.374416,8589934592,0.0983,1.955
2,65536x65536,3,59.410891,59.447214,59.562708,59.447214,8589934592,0.1445,2.874
2,65536x65536,4,45.109704,45.196556,45.211552,45.196556,8589934592,0.1901,3.780
2,65536x65536,5,36.226626,36.153039,36.171725,36.171725,8589934592,0.2375,4.723
2,65536x65536,6,30.625084,30.616362,30.620152,30.620152,8589934592,0.2805,5.579
2,65536x65536,7,25.981247,25.978796,25.996604,25.981247,8589934592,0.3306,6.575
2,65536x65536,8,23.625721,23.606967,23.537173,23.606967,8589934592,0.3639,7.236
4,256x256x256x256,1,164.553781,164.397110,164.436850,164.436850,8589934592,0.0522,1.000
4,256x256x256x256,2,83.153680,83.120330,83.235527,83.153680,8589934592,0.1033,1.978
4,256x256x256x256,3,57.753546,57.795978,57.766303,57.766303,8589934592,0.1487,2.847
4,256x256x256x256,4,43.372488,43.368372,43.350454,43.368372,8589934592,0.1981,3.792
4,256x256x256x256,5,35.052815,35.042144,35.011242,35.042144,8589934592,0.2451,4.693
4,256x256x256x256,6,29.631840,29.506997,29.619517,29.619517,8589934592,0.2900,5.552
4,256x256x256x256,7,25.240848,25.231217,25.260343,25.240848,8589934592,0.3403,6.515
4,256x256x256x256,8,22.219252,22.176684,22.168974,22.176684,8589934592,0.3873,7.415
8,16x16x16x16x16x16x16x16,1,154.705298,154.387001,154.752003,154.705298,8589934592,0.0555,1.000
8,16x16x16x16x16x16x16x16,2,77.373743,77.504006,77.513836,77.504006,8589934592,0.1108,1.996
8,16x16x16x16x16x16x16x16,3,51.731120,51.623838,51.542524,51.623838,8589934592,0.1664,2.997
8,16x16x16x16x16x16x16x16,4,38.883112,38.799871,38.858445,38.858445,8589934592,0.2211,3.981
8,16x16x16x16x16x16x16x16,5,31.760242,31.897943,31.880367,31.880367,8589934592,0.2694,4.853
8,16x16x16x16x16x16x16x16,6,26.703997,26.783740,26.777970,26.777970,8589934592,0.3208,5.777
8,16x16x16x16x16x16x16x16,7,23.139090,23.210600,23.258559,23.210600,8589934592,0.3701,6.665
8,16x16x16x16x16x16x16x16,8,20.665294,20.691197,20.641526,20.665294,8589934592,0.4157,7.486
16,4x4x4x4x4x4x4x4x4x4x4x4x4x4x4x4,1,334.668378,334.665500,334.455729,334.665500,8589934592,0.0257,1.000
16,4x4x4x4x4x4x4x4x4x4x4x4x4x4x4x4,2,167.820126,167.842886,167.914723,167.842886,8589934592,0.0512,1.994
16,4x4x4x4x4x4x4x4x4x4x4x4x4x4x4x4,3,111.780359,111.847597,111.843770,111.843770,8589934592,0.0768,2.992
16,4x4x4x4x4x4x4x4x4x4x4x4x4x4x4x4,4,83.889795,83.897422,83.872281,83.889795,8589934592,0.1024,3.989
16,4x4x4x4x4x4x4x4x4x4x4x4x4x4x4x4,5,68.486790,68.469063,68.035260,68.469063,8589934592,0.1255,4.888
16,4x4x4x4x4x4x4x4x4x4x4x4x4x4x4x4,6,52.997332,56.747327,57.106823,56.747327,8589934592,0.1514,5.897
16,4x4x4x4x4x4x4x4x4x4x4x4x4x4x4x4,7,48.926530,48.971018,48.951577,48.951577,8589934592,0.1755,6.837
16,4x4x4x4x4x4x4x4x4x4x4x4x4x4x4x4,8,42.843739,42.838779,42.867436,42.843739,8589934592,0.2005,7.811
32,2x2x2x2x2x2x2x2x2x2x2x2x2x2x2x2x2x2x2x2x2x2x2x2x2x2x2x2x2x2x2x2,1,769.639202,769.698768,769.870100,769.698768,8589934592,0.0112,1.000
32,2x2x2x2x2x2x2x2x2x2x2x2x2x2x2x2x2x2x2x2x2x2x2x2x2x2x2x2x2x2x2x2,2,386.602613,386.644493,386.617865,386.617865,8589934592,0.0222,1.991
32,2x2x2x2x2x2x2x2x2x2x2x2x2x2x2x2x2x2x2x2x2x2x2x2x2x2x2x2x2x2x2x2,3,257.326239,257.343196,257.367045,257.343196,8589934592,0.0334,2.991
32,2x2x2x2x2x2x2x2x2x2x2x2x2x2x2x2x2x2x2x2x2x2x2x2x2x2x2x2x2x2x2x2,4,193.054166,193.055068,193.040742,193.054166,8589934592,0.0445,3.987
32,2x2x2x2x2x2x2x2x2x2x2x2x2x2x2x2x2x2x2x2x2x2x2x2x2x2x2x2x2x2x2x2,5,157.547446,157.535403,157.549160,157.547446,8589934592,0.0545,4.886
32,2x2x2x2x2x2x2x2x2x2x2x2x2x2x2x2x2x2x2x2x2x2x2x2x2x2x2x2x2x2x2x2,6,131.321345,131.322639,131.294705,131.321345,8589934592,0.0654,5.861
32,2x2x2x2x2x2x2x2x2x2x2x2x2x2x2x2x2x2x2x2x2x2x2x2x2x2x2x2x2x2x2x2,7,111.241311,109.885391,109.893823,109.893823,8589934592,0.0782,7.004
32,2x2x2x2x2x2x2x2x2x2x2x2x2x2x2x2x2x2x2x2x2x2x2x2x2x2x2x2x2x2x2x2,8,96.361755,96.226687,96.352363,96.352363,8589934592,0.0892,7.988
