rank,shape,processes,run1,run2,run3,median_time,traffic_bytes,bandwidth_gbs,speedup
1,268435456,1,0.873106,0.872649,0.873787,0.873106,536870912,0.6149,1.000
1,268435456,2,0.437020,0.436948,0.438227,0.437020,536870912,1.2285,1.998
1,268435456,3,0.292288,0.291923,0.291692,0.291923,536870912,1.8391,2.991
1,268435456,4,0.218670,0.218744,0.218757,0.218744,536870912,2.4543,3.991
1,268435456,5,0.179062,0.178741,0.178486,0.178741,536870912,3.0036,4.885
1,268435456,6,0.149010,0.148965,0.149199,0.149010,536870912,3.6029,5.859
1,268435456,7,0.127972,0.127723,0.127663,0.127723,536870912,4.2034,6.836
1,268435456,8,0.111831,0.111953,0.112059,0.111953,536870912,4.7955,7.799
2,16384x16384,1,5.921051,5.949120,5.939028,5.939028,536870912,0.0904,1.000
2,16384x16384,2,2.982024,2.971144,2.990612,2.982024,536870912,0.1800,1.992
2,16384x16384,3,2.028463,2.051517,2.045724,2.045724,536870912,0.2624,2.903
2,16384x16384,4,1.630964,1.630592,1.621381,1.630592,536870912,0.3292,3.642
2,16384x16384,5,1.237572,1.240165,1.239441,1.239441,536870912,0.4332,4.792
2,16384x16384,6,1.040134,1.019415,1.028730,1.028730,536870912,0.5219,5.773
2,16384x16384,7,0.923687,0.925876,0.913659,0.923687,536870912,0.5812,6.430
2,16384x16384,8,1.050421,1.059681,1.063695,1.059681,536870912,0.5066,5.605
4,128x128x128x128,1,10.718014,10.720233,10.701893,10.718014,536870912,0.0501,1.000
4,128x128x128x128,2,5.336309,5.312818,5.335681,5.335681,536870912,0.1006,2.009
4,128x128x128x128,3,3.690179,3.697049,3.683772,3.690179,536870912,0.1455,2.904
4,128x128x128x128,4,2.779429,2.773080,2.779240,2.779240,536870912,0.1932,3.856
4,128x128x128x128,5,2.232892,2.235374,2.232392,2.232892,536870912,0.2404,4.800
4,128x128x128x128,6,1.890427,1.894777,1.903469,1.894777,536870912,0.2833,5.657
4,128x128x128x128,7,1.625393,1.628062,1.627790,1.627790,536870912,0.3298,6.584
4,128x128x128x128,8,1.416995,1.422971,1.423849,1.422971,536870912,0.3773,7.532
7,16x16x16x16x16x16x16,1,9.500915,9.498871,9.473305,9.498871,536870912,0.0565,1.000
7,16x16x16x16x16x16x16,2,4.866722,4.832997,4.896885,4.866722,536870912,0.1103,1.952
7,16x16x16x16x16x16x16,3,3.196635,3.204154,3.154013,3.196635,536870912,0.1679,2.972
7,16x16x16x16x16x16x16,4,2.657194,2.653466,2.692448,2.657194,536870912,0.2020,3.575
7,16x16x16x16x16x16x16,5,2.024778,2.044766,2.029096,2.029096,536870912,0.2646,4.681
7,16x16x16x16x16x16x16,6,1.762933,1.756343,1.773780,1.762933,536870912,0.3045,5.388
7,16x16x16x16x16x16x16,7,1.528263,1.528171,1.530933,1.528263,536870912,0.3513,6.215
7,16x16x16x16x16x16x16,8,1.485797,1.458676,1.470103,1.470103,536870912,0.3652,6.461
14,4x4x4x4x4x4x4x4x4x4x4x4x4x4,1,17.523096,17.524762,17.526034,17.524762,536870912,0.0306,1.000
14,4x4x4x4x4x4x4x4x4x4x4x4x4x4,2,8.767187,8.764423,8.767888,8.767187,536870912,0.0612,1.999
14,4x4x4x4x4x4x4x4x4x4x4x4x4x4,3,5.847327,5.842738,5.849113,5.847327,536870912,0.0918,2.997
14,4x4x4x4x4x4x4x4x4x4x4x4x4x4,4,4.398555,4.397319,4.394829,4.397319,536870912,0.1221,3.985
14,4x4x4x4x4x4x4x4x4x4x4x4x4x4,5,3.585967,3.586160,3.586118,3.586118,536870912,0.1497,4.887
14,4x4x4x4x4x4x4x4x4x4x4x4x4x4,6,2.988864,2.990519,2.989515,2.989515,536870912,0.1796,5.862
14,4x4x4x4x4x4x4x4x4x4x4x4x4x4,7,2.562337,2.562386,2.561524,2.562337,536870912,0.2095,6.839
14,4x4x4x4x4x4x4x4x4x4x4x4x4x4,8,2.311398,2.309653,2.335905,2.311398,536870912,0.2323,7.582
28,2x2x2x2x2x2x2x2x2x2x2x2x2x2x2x2x2x2x2x2x2x2x2x2x2x2x2x2,1,41.252996,41.244573,41.242876,41.244573,536870912,0.0130,1.000
28,2x2x2x2x2x2x2x2x2x2x2x2x2x2x2x2x2x2x2x2x2x2x2x2x2x2x2x2,2,20.629834,20.626020,20.630499,20.629834,536870912,0.0260,1.999
28,2x2x2x2x2x2x2x2x2x2x2x2x2x2x2x2x2x2x2x2x2x2x2x2x2x2x2x2,3,13.759856,13.758447,13.756268,13.758447,536870912,0.0390,2.998
28,2x2x2x2x2x2x2x2x2x2x2x2x2x2x2x2x2x2x2x2x2x2x2x2x2x2x2x2,4,10.330736,10.329628,10.327410,10.329628,536870912,0.0520,3.993
28,2x2x2x2x2x2x2x2x2x2x2x2x2x2x2x2x2x2x2x2x2x2x2x2x2x2x2x2,5,8.430692,8.432376,8.434458,8.432376,536870912,0.0637,4.891
28,2x2x2x2x2x2x2x2x2x2x2x2x2x2x2x2x2x2x2x2x2x2x2x2x2x2x2x2,6,7.028252,7.027038,7.028733,7.028252,536870912,0.0764,5.868
28,2x2x2x2x2x2x2x2x2x2x2x2x2x2x2x2x2x2x2x2x2x2x2x2x2x2x2x2,7,6.024030,6.025348,6.024629,6.024629,536870912,0.0891,6.846
28,2x2x2x2x2x2x2x2x2x2x2x2x2x2x2x2x2x2x2x2x2x2x2x2x2x2x2x2,8,5.274234,5.273510,5.274079,5.274079,536870912,0.1018,7.820
